0,1,2,3,4,5,6,7,8,9,10,11,12,13,14
Au,I,C,,,,,,,,,,,,
S,O,O,O,Cl,,,,,,,,,,
Pd,Cl,P,P,C,,,,,,,,,,
C,C,S,C,H,,,,,,,,,,
C,P,C,S,,,,,,,,,,,
P,Ru,C,C,C,,,,,,,,,,
C,S,H,H,H,,,,,,,,,,
C,Ge,C,,,,,,,,,,,,
Si,Si,C,C,O,,,,,,,,,,
C,O,P,H,H,,,,,,,,,,
C,As,C,H,H,,,,,,,,,,
C,S,Cl,C,,,,,,,,,,,
P,C,Pt,C,C,,,,,,,,,,
C,S,S,S,,,,,,,,,,,
N,C,B,C,,,,,,,,,,,
C,C,Cl,C,C,,,,,,,,,,
C,C,N,Si,,,,,,,,,,,
C,Co,C,C,C,,,,,,,,,,
P,F,F,F,F,C,C,,,,,,,,
C,Pt,O,C,,,,,,,,,,,
P,N,C,C,,,,,,,,,,,
C,N,C,N,N,,,,,,,,,,
C,C,C,O,,,,,,,,,,,
Se,P,,,,,,,,,,,,,
B,N,C,N,,,,,,,,,,,
B,O,C,O,,,,,,,,,,,
C,C,N,Br,,,,,,,,,,,
C,I,N,C,,,,,,,,,,,
C,C,O,C,,,,,,,,,,,
Te,C,N,N,N,,,,,,,,,,
P,C,C,Pd,C,,,,,,,,,,
Br,Au,,,,,,,,,,,,,
Se,Se,C,,,,,,,,,,,,
C,Hg,C,C,H,,,,,,,,,,
C,C,C,Se,H,,,,,,,,,,
C,Si,C,,,,,,,,,,,,
C,N,N,O,,,,,,,,,,,
Ir,Cl,Cl,C,C,C,C,C,C,,,,,,
C,P,C,Ge,P,,,,,,,,,,
C,Si,C,C,C,,,,,,,,,,
Sb,C,C,C,,,,,,,,,,,
C,C,Si,S,,,,,,,,,,,
Mo,C,C,C,C,C,C,C,C,C,C,H,H,,
C,N,F,N,,,,,,,,,,,
S,N,O,O,Cl,,,,,,,,,,
O,Os,Os,,,,,,,,,,,,
C,N,Si,H,H,,,,,,,,,,
O,C,C,,,,,,,,,,,,
C,Ir,Ir,H,H,,,,,,,,,,
C,Pt,Br,C,C,,,,,,,,,,
Si,Rh,C,C,C,,,,,,,,,,
C,C,Cl,Cl,C,,,,,,,,,,
C,O,C,S,,,,,,,,,,,
C,I,H,H,H,,,,,,,,,,
C,C,C,Zn,,,,,,,,,,,
C,C,I,H,,,,,,,,,,,
Br,C,,,,,,,,,,,,,
C,P,H,H,H,,,,,,,,,,
C,F,C,H,H,,,,,,,,,,
Sb,C,N,Cl,Cl,N,,,,,,,,,
N,C,C,Se,,,,,,,,,,,
C,F,C,F,H,,,,,,,,,,
N,Sb,C,Sb,,,,,,,,,,,
Ni,C,C,C,,,,,,,,,,,
C,Os,C,C,C,,,,,,,,,,
C,Se,Ge,N,,,,,,,,,,,
S,C,O,O,N,,,,,,,,,,
C,As,C,C,,,,,,,,,,,
C,Fe,N,C,C,,,,,,,,,,
C,C,O,H,H,,,,,,,,,,
C,O,N,O,,,,,,,,,,,
O,C,Si,,,,,,,,,,,,
Ir,C,C,C,C,C,C,C,Ir,,,,,,
N,O,O,C,,,,,,,,,,,
P,C,Pd,C,C,,,,,,,,,,
Ni,I,N,C,N,,,,,,,,,,
C,C,C,,,,,,,,,,,,
C,F,N,C,,,,,,,,,,,
N,Se,C,C,,,,,,,,,,,
C,P,N,C,H,,,,,,,,,,
Au,Br,P,,,,,,,,,,,,
C,C,S,C,S,,,,,,,,,,
C,C,C,S,,,,,,,,,,,
C,C,,,,,,,,,,,,,
C,N,S,C,,,,,,,,,,,
N,Au,C,C,,,,,,,,,,,
P,O,O,O,H,,,,,,,,,,
C,C,C,F,N,,,,,,,,,,
N,N,N,,,,,,,,,,,,
N,N,O,C,,,,,,,,,,,
C,C,Se,H,H,,,,,,,,,,
C,N,P,C,,,,,,,,,,,
Pd,I,I,P,P,,,,,,,,,,
N,C,C,O,,,,,,,,,,,
Sn,C,Cl,C,C,,,,,,,,,,
Br,Si,,,,,,,,,,,,,
P,Ni,C,O,C,,,,,,,,,,
C,S,N,N,,,,,,,,,,,
N,S,C,C,,,,,,,,,,,
C,Se,Si,N,,,,,,,,,,,
C,N,N,S,,,,,,,,,,,
Br,Br,,,,,,,,,,,,,
C,C,C,C,I,,,,,,,,,,
P,Te,C,C,C,,,,,,,,,,
C,C,Si,C,H,,,,,,,,,,
C,O,N,C,C,,,,,,,,,,
Ti,C,Cl,Cl,Cl,C,C,C,C,,,,,,
C,O,C,N,,,,,,,,,,,
Hg,C,Cl,,,,,,,,,,,,
C,C,N,O,,,,,,,,,,,
B,N,N,N,,,,,,,,,,,
C,C,Si,,,,,,,,,,,,
P,Pd,C,C,C,,,,,,,,,,
C,Ir,F,F,C,,,,,,,,,,
Cl,O,O,O,O,,,,,,,,,,
C,S,C,C,O,,,,,,,,,,
C,N,Ag,,,,,,,,,,,,
C,S,S,S,S,,,,,,,,,,
C,N,S,Si,,,,,,,,,,,
C,C,C,Ge,H,,,,,,,,,,
C,C,F,C,,,,,,,,,,,
Ti,C,C,C,C,C,C,C,C,C,C,C,C,C,C
C,Hf,C,C,H,,,,,,,,,,
C,O,S,C,,,,,,,,,,,
C,C,O,Se,,,,,,,,,,,
C,C,C,P,,,,,,,,,,,
Ag,Se,O,Se,Se,,,,,,,,,,
S,S,C,O,,,,,,,,,,,
C,Ge,Si,C,C,,,,,,,,,,
C,O,H,H,H,,,,,,,,,,
O,N,C,,,,,,,,,,,,
C,C,Bi,H,H,,,,,,,,,,
C,O,C,B,,,,,,,,,,,
N,O,N,,,,,,,,,,,,
C,C,C,S,C,,,,,,,,,,
C,C,S,S,H,,,,,,,,,,
N,C,C,C,C,,,,,,,,,,
Ti,C,C,Cl,Cl,C,C,C,C,C,C,C,C,,
C,S,I,C,,,,,,,,,,,
P,P,N,N,,,,,,,,,,,
C,N,Au,,,,,,,,,,,,
C,N,C,Se,,,,,,,,,,,
C,S,O,N,,,,,,,,,,,
Pd,Cl,Cl,P,P,,,,,,,,,,
Pd,N,I,C,N,,,,,,,,,,
N,C,C,H,H,,,,,,,,,,
C,Ti,C,C,H,,,,,,,,,,
P,Cl,C,C,,,,,,,,,,,
Si,C,C,Cl,C,,,,,,,,,,
C,Cl,C,H,H,,,,,,,,,,
Au,P,C,,,,,,,,,,,,
C,N,C,H,,,,,,,,,,,
C,C,C,N,,,,,,,,,,,
C,Se,C,H,,,,,,,,,,,
C,Pt,C,H,H,,,,,,,,,,
C,C,O,O,,,,,,,,,,,
N,C,C,S,,,,,,,,,,,
C,C,Ru,C,H,,,,,,,,,,
S,O,O,C,C,,,,,,,,,,
Br,Se,,,,,,,,,,,,,
N,C,C,Ru,,,,,,,,,,,
C,N,N,N,,,,,,,,,,,
C,O,C,S,C,,,,,,,,,,
C,N,Pt,N,,,,,,,,,,,
O,I,C,,,,,,,,,,,,
Se,O,O,C,,,,,,,,,,,
C,N,C,,,,,,,,,,,,
O,C,O,,,,,,,,,,,,
C,Ir,N,N,,,,,,,,,,,
C,I,C,I,,,,,,,,,,,
Si,C,Cl,Cl,Cl,,,,,,,,,,
C,C,N,S,,,,,,,,,,,
C,Br,C,N,C,,,,,,,,,,
N,C,,,,,,,,,,,,,
C,Ga,H,H,H,,,,,,,,,,
N,Se,C,Se,,,,,,,,,,,
Br,Os,,,,,,,,,,,,,
C,O,F,F,C,,,,,,,,,,
C,S,C,C,S,,,,,,,,,,
C,C,Zn,C,,,,,,,,,,,
C,Re,C,H,H,,,,,,,,,,
N,C,N,O,,,,,,,,,,,
C,Ti,H,H,H,,,,,,,,,,
C,Br,C,N,,,,,,,,,,,
I,O,O,C,,,,,,,,,,,
N,S,N,C,,,,,,,,,,,
C,F,C,C,C,,,,,,,,,,
Ag,C,C,,,,,,,,,,,,
C,Si,H,H,H,,,,,,,,,,
N,B,C,H,,,,,,,,,,,
W,C,C,N,C,C,C,C,C,,,,,,
C,C,C,C,H,,,,,,,,,,
C,C,C,S,Fe,,,,,,,,,,
C,Fe,C,C,,,,,,,,,,,
C,N,I,N,,,,,,,,,,,
N,C,C,P,,,,,,,,,,,
C,C,O,C,C,,,,,,,,,,
S,B,C,,,,,,,,,,,,
C,As,O,C,,,,,,,,,,,
Ir,S,S,P,C,C,C,C,C,,,,,,
N,O,O,O,,,,,,,,,,,
C,I,S,C,,,,,,,,,,,
C,Cl,N,H,H,,,,,,,,,,
P,C,C,O,Ni,,,,,,,,,,
O,Se,C,,,,,,,,,,,,
C,N,N,C,H,,,,,,,,,,
N,C,O,H,,,,,,,,,,,
P,N,O,O,O,,,,,,,,,,
C,C,O,,,,,,,,,,,,
C,C,F,F,H,,,,,,,,,,
C,O,N,,,,,,,,,,,,
Ru,Cl,N,C,N,C,C,C,C,,,,,,
Si,C,I,I,Si,,,,,,,,,,
Se,C,Se,Br,,,,,,,,,,,
C,F,C,C,F,,,,,,,,,,
C,C,C,Hg,,,,,,,,,,,
N,N,C,N,,,,,,,,,,,
C,B,O,C,,,,,,,,,,,
B,C,Br,C,,,,,,,,,,,
C,C,C,Os,H,,,,,,,,,,
P,O,O,C,H,,,,,,,,,,
O,N,Mo,,,,,,,,,,,,
O,N,,,,,,,,,,,,,
Pd,Br,Br,C,C,,,,,,,,,,
C,C,O,S,,,,,,,,,,,
N,N,O,O,,,,,,,,,,,
C,C,As,C,,,,,,,,,,,
C,C,Br,Br,Br,,,,,,,,,,
C,O,C,C,H,,,,,,,,,,
C,Ge,C,C,H,,,,,,,,,,
C,C,S,H,H,,,,,,,,,,
C,S,O,C,C,,,,,,,,,,
N,Ir,C,H,,,,,,,,,,,
Se,Br,Br,C,C,,,,,,,,,,
C,I,C,C,C,,,,,,,,,,
C,C,Ti,C,C,,,,,,,,,,
C,C,C,C,Hf,,,,,,,,,,
C,S,C,O,H,,,,,,,,,,
O,C,S,,,,,,,,,,,,
Ru,Cl,C,C,C,C,C,C,C,C,,,,,
Au,S,S,S,S,,,,,,,,,,
C,Br,C,Br,Br,,,,,,,,,,
C,C,F,Fe,C,,,,,,,,,,
S,C,Ni,,,,,,,,,,,,
C,Cr,C,C,H,,,,,,,,,,
C,C,N,N,,,,,,,,,,,
B,C,C,C,,,,,,,,,,,
C,P,C,Fe,C,,,,,,,,,,
N,C,C,B,,,,,,,,,,,
N,Se,Se,C,,,,,,,,,,,
C,Ru,C,C,H,,,,,,,,,,
C,S,C,I,,,,,,,,,,,
C,C,F,O,,,,,,,,,,,
Se,C,,,,,,,,,,,,,
Si,Si,Si,C,C,,,,,,,,,,
B,C,Br,Br,,,,,,,,,,,
W,O,C,C,O,N,C,C,C,C,,,,,
Sb,Br,Br,C,C,C,,,,,,,,,
Zr,C,C,C,C,C,C,C,C,C,C,C,C,C,C
Br,Ru,,,,,,,,,,,,,
C,C,C,C,Cl,,,,,,,,,,
C,C,O,P,,,,,,,,,,,
N,C,C,C,O,,,,,,,,,,
C,C,O,C,Fe,,,,,,,,,,
C,Sb,C,C,,,,,,,,,,,
C,C,Br,C,,,,,,,,,,,
C,Ge,H,H,H,,,,,,,,,,
Ru,Cl,Cl,P,C,C,C,C,C,C,,,,,
C,I,C,H,,,,,,,,,,,
Au,C,Cl,,,,,,,,,,,,
N,C,S,N,,,,,,,,,,,
P,C,C,O,Pt,,,,,,,,,,
C,C,S,,,,,,,,,,,,
N,S,C,,,,,,,,,,,,
C,P,C,C,,,,,,,,,,,
C,Cl,C,C,C,,,,,,,,,,
O,C,P,,,,,,,,,,,,
P,N,C,N,,,,,,,,,,,
N,P,C,,,,,,,,,,,,
C,Br,N,N,,,,,,,,,,,
Os,O,C,Br,Br,C,C,C,C,,,,,,
Si,Si,C,I,I,,,,,,,,,,
N,H,H,H,H,,,,,,,,,,
C,N,F,F,H,,,,,,,,,,
C,S,S,C,,,,,,,,,,,
C,C,Se,C,Fe,,,,,,,,,,
S,N,N,,,,,,,,,,,,
C,N,O,H,,,,,,,,,,,
C,C,C,N,H,,,,,,,,,,
H,As,,,,,,,,,,,,,
C,C,Cl,C,,,,,,,,,,,
C,S,Si,N,,,,,,,,,,,
C,Zr,C,C,H,,,,,,,,,,
O,Te,Te,,,,,,,,,,,,
C,Fe,C,C,C,,,,,,,,,,
I,Ni,,,,,,,,,,,,,
S,O,O,O,C,,,,,,,,,,
C,C,Br,Br,H,,,,,,,,,,
C,C,Rh,C,H,,,,,,,,,,
C,N,N,N,H,,,,,,,,,,
S,Ir,H,,,,,,,,,,,,
O,C,N,,,,,,,,,,,,
C,N,O,,,,,,,,,,,,
Ni,C,P,C,P,,,,,,,,,,
Pd,P,Cl,P,Cl,,,,,,,,,,
Si,O,O,O,C,,,,,,,,,,
N,C,H,H,,,,,,,,,,,
C,Os,C,C,P,,,,,,,,,,
C,C,Br,Br,,,,,,,,,,,
Si,Si,C,Cl,Cl,,,,,,,,,,
N,N,N,C,,,,,,,,,,,
C,P,C,Si,,,,,,,,,,,
O,Re,,,,,,,,,,,,,
O,S,C,,,,,,,,,,,,
C,C,C,Hf,H,,,,,,,,,,
C,C,C,Sn,,,,,,,,,,,
C,C,P,,,,,,,,,,,,
H,C,,,,,,,,,,,,,
O,P,C,,,,,,,,,,,,
P,Cl,Cl,C,,,,,,,,,,,
C,O,S,S,,,,,,,,,,,
C,Si,Si,C,H,,,,,,,,,,
Pt,P,P,Cl,Cl,,,,,,,,,,
C,N,C,P,H,,,,,,,,,,
O,C,B,,,,,,,,,,,,
O,Si,N,,,,,,,,,,,,
C,C,C,Ir,C,,,,,,,,,,
Ni,P,P,S,S,,,,,,,,,,
C,Cl,Cl,N,N,,,,,,,,,,
Ir,Cl,S,C,S,C,C,C,C,,,,,,
C,B,C,C,Fe,,,,,,,,,,
S,I,C,,,,,,,,,,,,
P,C,O,O,H,,,,,,,,,,
N,C,Se,,,,,,,,,,,,
C,C,Te,H,H,,,,,,,,,,
C,C,N,N,F,,,,,,,,,,
C,C,C,C,Bi,,,,,,,,,,
C,C,C,S,S,,,,,,,,,,
C,C,O,C,O,,,,,,,,,,
Ge,O,C,O,C,,,,,,,,,,
C,Sn,C,C,,,,,,,,,,,
P,O,C,C,C,,,,,,,,,,
N,O,C,O,,,,,,,,,,,
P,C,C,C,Ni,,,,,,,,,,
Pt,C,C,S,S,,,,,,,,,,
Os,P,C,C,C,C,C,H,H,H,,,,,
N,C,H,,,,,,,,,,,,
P,S,O,Se,S,,,,,,,,,,
C,C,N,,,,,,,,,,,,
C,F,N,N,,,,,,,,,,,
C,C,O,O,C,,,,,,,,,,
C,C,F,C,C,,,,,,,,,,
Si,S,C,C,C,,,,,,,,,,
Br,B,,,,,,,,,,,,,
Zr,C,C,C,C,C,C,C,C,C,C,C,C,,
C,O,C,F,,,,,,,,,,,
C,Ru,N,N,,,,,,,,,,,
C,S,C,H,,,,,,,,,,,
C,N,Au,N,,,,,,,,,,,
C,N,S,N,,,,,,,,,,,
Si,C,C,C,H,,,,,,,,,,
C,C,S,F,F,,,,,,,,,,
O,As,H,,,,,,,,,,,,
C,N,Ag,N,,,,,,,,,,,
N,N,O,N,,,,,,,,,,,
C,Pd,N,H,H,,,,,,,,,,
H,Si,,,,,,,,,,,,,
C,C,N,O,C,,,,,,,,,,
C,S,C,,,,,,,,,,,,
Si,C,O,C,C,,,,,,,,,,
Se,Ge,P,,,,,,,,,,,,
C,Br,Br,H,H,,,,,,,,,,
I,Pt,,,,,,,,,,,,,
S,Co,C,,,,,,,,,,,,
Si,Si,C,Br,Br,,,,,,,,,,
C,C,F,C,F,,,,,,,,,,
C,C,S,C,C,,,,,,,,,,
Sn,Cl,C,C,C,,,,,,,,,,
S,C,,,,,,,,,,,,,
Pt,Cl,C,P,P,,,,,,,,,,
C,O,C,O,H,,,,,,,,,,
C,Au,N,N,,,,,,,,,,,
P,Au,O,N,O,,,,,,,,,,
C,S,Cl,C,C,,,,,,,,,,
Cl,Pt,,,,,,,,,,,,,
C,Ge,C,F,,,,,,,,,,,
C,S,F,C,H,,,,,,,,,,
C,Si,C,H,H,,,,,,,,,,
P,Se,O,N,O,,,,,,,,,,
Si,C,C,O,O,,,,,,,,,,
C,N,H,H,,,,,,,,,,,
Se,Cl,Cl,Cl,C,,,,,,,,,,
Br,Ge,,,,,,,,,,,,,
C,C,C,F,,,,,,,,,,,
C,Fe,C,N,C,,,,,,,,,,
Ge,C,C,C,C,,,,,,,,,,
Sb,N,N,C,,,,,,,,,,,
C,Se,F,F,F,,,,,,,,,,
C,O,S,N,,,,,,,,,,,
C,I,I,C,H,,,,,,,,,,
C,C,Ru,H,H,,,,,,,,,,
Se,O,N,C,,,,,,,,,,,
Pb,,,,,,,,,,,,,,
B,F,C,C,,,,,,,,,,,
C,C,N,S,H,,,,,,,,,,
C,S,I,N,,,,,,,,,,,
N,C,Cl,Cl,,,,,,,,,,,
C,C,Ge,,,,,,,,,,,,
P,C,C,C,Pt,,,,,,,,,,
C,C,Hg,,,,,,,,,,,,
S,Co,C,Co,,,,,,,,,,,
Ni,P,C,C,P,,,,,,,,,,
H,Mo,,,,,,,,,,,,,
Te,Te,C,,,,,,,,,,,,
As,O,O,C,C,,,,,,,,,,
P,Pd,O,C,C,,,,,,,,,,
S,N,O,C,,,,,,,,,,,
P,O,N,O,C,,,,,,,,,,
S,Te,C,,,,,,,,,,,,
C,Mo,C,C,H,,,,,,,,,,
Pt,Cl,Cl,P,P,,,,,,,,,,
Si,C,C,C,Cl,,,,,,,,,,
C,P,O,C,,,,,,,,,,,
Si,N,C,C,C,,,,,,,,,,
P,C,P,C,,,,,,,,,,,
C,S,S,O,,,,,,,,,,,
Sb,Sb,C,C,,,,,,,,,,,
C,Cl,C,H,,,,,,,,,,,
S,O,O,C,N,,,,,,,,,,
Se,Se,W,,,,,,,,,,,,
C,C,Cl,O,,,,,,,,,,,
C,C,I,C,,,,,,,,,,,
C,Br,C,C,H,,,,,,,,,,
C,C,S,N,H,,,,,,,,,,
O,B,H,,,,,,,,,,,,
C,C,S,C,Fe,,,,,,,,,,
S,O,O,O,O,,,,,,,,,,
N,Sb,N,,,,,,,,,,,,
N,O,N,O,,,,,,,,,,,
N,S,O,S,,,,,,,,,,,
Y,,,,,,,,,,,,,,
Ni,Br,C,P,P,,,,,,,,,,
S,C,C,Ni,,,,,,,,,,,
B,N,B,N,,,,,,,,,,,
Si,O,O,C,C,,,,,,,,,,
Si,O,O,O,O,,,,,,,,,,
Cu,Se,Se,N,Cu,N,,,,,,,,,
Cl,Ag,,,,,,,,,,,,,
C,S,N,H,,,,,,,,,,,
N,N,,,,,,,,,,,,,
H,Co,,,,,,,,,,,,,
C,N,N,H,H,,,,,,,,,,
C,Br,N,C,C,,,,,,,,,,
N,N,N,O,,,,,,,,,,,
P,Fe,C,C,C,,,,,,,,,,
I,Au,,,,,,,,,,,,,
P,S,O,C,C,,,,,,,,,,
H,O,,,,,,,,,,,,,
P,O,O,O,C,,,,,,,,,,
Pt,N,S,S,N,,,,,,,,,,
Cl,Au,,,,,,,,,,,,,
Cl,,,,,,,,,,,,,,
Ru,P,P,C,H,H,,,,,,,,,
C,C,C,Se,Fe,,,,,,,,,,
C,O,C,H,H,,,,,,,,,,
C,Ru,Br,C,C,,,,,,,,,,
C,Br,Br,C,H,,,,,,,,,,
As,C,C,C,H,,,,,,,,,,
B,S,S,B,,,,,,,,,,,
C,C,Br,S,,,,,,,,,,,
C,C,S,Si,,,,,,,,,,,
Pd,P,P,P,Pd,,,,,,,,,,
C,C,O,C,N,,,,,,,,,,
Na,,,,,,,,,,,,,,
O,I,,,,,,,,,,,,,
C,Fe,B,C,C,,,,,,,,,,
N,C,W,C,,,,,,,,,,,
P,O,C,C,O,,,,,,,,,,
Li,,,,,,,,,,,,,,
C,C,S,Br,,,,,,,,,,,
Se,S,C,,,,,,,,,,,,
C,C,O,O,O,,,,,,,,,,
Si,O,C,C,C,,,,,,,,,,
N,S,S,,,,,,,,,,,,
C,C,C,O,H,,,,,,,,,,
Si,C,Cl,Cl,C,,,,,,,,,,
Ru,Cl,P,C,P,C,C,C,C,,,,,,
C,C,Si,H,H,,,,,,,,,,
S,P,C,,,,,,,,,,,,
C,C,N,C,N,,,,,,,,,,
C,N,O,H,H,,,,,,,,,,
C,Au,F,F,F,,,,,,,,,,
P,C,C,Os,,,,,,,,,,,
C,C,P,H,H,,,,,,,,,,
C,C,Cl,S,,,,,,,,,,,
N,C,C,Ta,,,,,,,,,,,
Te,C,C,,,,,,,,,,,,
Cl,C,,,,,,,,,,,,,
Si,O,C,O,Pt,,,,,,,,,,
C,Hf,C,C,C,,,,,,,,,,
C,C,Sb,H,H,,,,,,,,,,
Si,C,F,C,C,,,,,,,,,,
C,B,C,Fe,C,,,,,,,,,,
Ge,C,O,C,O,,,,,,,,,,
C,S,F,F,F,,,,,,,,,,
I,I,,,,,,,,,,,,,
C,C,Ni,C,H,,,,,,,,,,
B,C,C,N,,,,,,,,,,,
C,Hg,C,C,,,,,,,,,,,
C,Cl,N,C,,,,,,,,,,,
C,Ti,C,C,C,,,,,,,,,,
Si,C,Cl,Cl,Si,,,,,,,,,,
C,C,Fe,C,H,,,,,,,,,,
Pb,C,O,O,O,,,,,,,,,,
C,N,C,C,,,,,,,,,,,
H,S,,,,,,,,,,,,,
P,C,N,C,C,,,,,,,,,,
S,S,Ni,,,,,,,,,,,,
C,Se,C,C,,,,,,,,,,,
S,O,O,N,C,,,,,,,,,,
C,O,C,Cl,,,,,,,,,,,
N,P,P,,,,,,,,,,,,
C,N,Br,N,,,,,,,,,,,
H,Ru,,,,,,,,,,,,,
C,C,O,F,,,,,,,,,,,
C,N,P,H,H,,,,,,,,,,
S,Pt,C,,,,,,,,,,,,
C,Cl,O,C,C,,,,,,,,,,
Cl,Si,,,,,,,,,,,,,
C,C,C,Bi,C,,,,,,,,,,
O,N,W,,,,,,,,,,,,
Ti,S,C,C,C,C,C,C,C,,,,,,
C,O,O,C,H,,,,,,,,,,
Ni,P,Br,P,Br,,,,,,,,,,
O,Ti,C,,,,,,,,,,,,
N,P,P,C,,,,,,,,,,,
Si,Cl,Cl,Cl,C,,,,,,,,,,
I,I,I,,,,,,,,,,,,
Ti,O,C,C,C,C,C,C,C,C,C,C,C,,
N,C,N,C,,,,,,,,,,,
Te,O,O,C,C,,,,,,,,,,
C,Br,C,H,,,,,,,,,,,
C,Pd,N,N,,,,,,,,,,,
S,C,H,,,,,,,,,,,,
N,S,N,,,,,,,,,,,,
C,P,C,N,,,,,,,,,,,
P,C,C,C,I,,,,,,,,,,
C,W,Si,H,H,,,,,,,,,,
C,C,Te,N,,,,,,,,,,,
C,C,S,H,,,,,,,,,,,
La,,,,,,,,,,,,,,
C,Ni,N,N,,,,,,,,,,,
Si,Si,Si,Si,C,,,,,,,,,,
C,O,O,C,O,,,,,,,,,,
C,S,S,N,,,,,,,,,,,
C,N,Cl,C,,,,,,,,,,,
P,Pt,C,C,C,,,,,,,,,,
C,S,S,,,,,,,,,,,,
C,N,C,Br,,,,,,,,,,,
N,C,H,H,H,,,,,,,,,,
P,C,O,C,C,,,,,,,,,,
C,C,Ge,H,H,,,,,,,,,,
N,B,C,C,,,,,,,,,,,
C,C,C,Cl,,,,,,,,,,,
N,N,C,H,,,,,,,,,,,
H,P,,,,,,,,,,,,,
N,Au,S,S,,,,,,,,,,,
Hg,Cl,Cl,C,,,,,,,,,,,
S,Ni,C,,,,,,,,,,,,
C,Ir,C,C,C,,,,,,,,,,
C,C,C,C,C,,,,,,,,,,
O,H,,,,,,,,,,,,,
Si,O,O,C,O,,,,,,,,,,
Ge,Se,C,C,C,,,,,,,,,,
Pt,C,C,C,C,,,,,,,,,,
C,C,C,H,H,,,,,,,,,,
C,C,C,Fe,H,,,,,,,,,,
C,C,N,N,N,,,,,,,,,,
Au,C,C,,,,,,,,,,,,
C,B,Fe,C,C,,,,,,,,,,
C,N,N,C,C,,,,,,,,,,
C,C,C,Ru,H,,,,,,,,,,
N,C,O,C,,,,,,,,,,,
Ge,C,I,I,I,,,,,,,,,,
C,C,P,C,,,,,,,,,,,
C,C,F,F,C,,,,,,,,,,
Cl,Mo,,,,,,,,,,,,,
Ge,Br,Br,C,C,,,,,,,,,,
C,I,C,H,H,,,,,,,,,,
C,Cl,Cl,C,H,,,,,,,,,,
Si,Si,Si,Si,Si,,,,,,,,,,
C,C,Mo,C,H,,,,,,,,,,
C,C,C,Os,C,,,,,,,,,,
P,O,O,C,C,,,,,,,,,,
H,N,,,,,,,,,,,,,
N,C,C,Cu,,,,,,,,,,,
P,O,O,O,O,,,,,,,,,,
C,S,N,C,H,,,,,,,,,,
N,P,C,H,,,,,,,,,,,
C,Se,C,Fe,C,,,,,,,,,,
Hg,Cl,C,,,,,,,,,,,,
C,C,P,C,H,,,,,,,,,,
Cl,Se,,,,,,,,,,,,,
Re,C,O,O,O,,,,,,,,,,
C,O,C,C,C,,,,,,,,,,
Si,C,C,C,Pt,,,,,,,,,,
Rb,,,,,,,,,,,,,,
C,P,O,C,H,,,,,,,,,,
W,N,C,C,N,C,C,C,C,,,,,,
C,C,C,C,Si,,,,,,,,,,
Se,C,N,,,,,,,,,,,,
C,C,P,C,Os,,,,,,,,,,
Pd,C,C,,,,,,,,,,,,
C,N,N,Pd,,,,,,,,,,,
Cr,C,C,C,C,C,C,C,C,C,C,C,C,,
S,P,,,,,,,,,,,,,
H,B,,,,,,,,,,,,,
P,C,C,P,,,,,,,,,,,
Se,Sn,P,,,,,,,,,,,,
Au,Cl,C,,,,,,,,,,,,
C,Se,N,C,,,,,,,,,,,
S,S,O,C,,,,,,,,,,,
P,O,O,O,,,,,,,,,,,
C,C,Ge,C,Fe,,,,,,,,,,
O,H,H,,,,,,,,,,,,
C,C,As,H,H,,,,,,,,,,
C,I,C,,,,,,,,,,,,
P,Os,C,C,C,,,,,,,,,,
C,Ru,C,C,C,,,,,,,,,,
Se,P,C,,,,,,,,,,,,
N,C,S,H,,,,,,,,,,,
C,C,F,F,Br,,,,,,,,,,
C,Au,N,,,,,,,,,,,,
Ti,Cl,Cl,C,C,C,C,C,C,C,C,C,C,,
C,P,C,C,H,,,,,,,,,,
C,S,N,,,,,,,,,,,,
C,Se,C,Se,,,,,,,,,,,
C,C,F,F,,,,,,,,,,,
S,C,C,C,,,,,,,,,,,
C,C,I,S,,,,,,,,,,,
N,C,P,H,,,,,,,,,,,
P,C,C,Pt,C,,,,,,,,,,
C,I,I,H,H,,,,,,,,,,
Pt,Cl,Cl,Cl,Cl,C,C,,,,,,,,
C,Pt,C,C,,,,,,,,,,,
O,Ge,Ge,,,,,,,,,,,,
C,Co,C,C,H,,,,,,,,,,
N,Sb,C,C,,,,,,,,,,,
C,Si,O,H,H,,,,,,,,,,
P,C,C,C,Se,,,,,,,,,,
C,C,C,C,Fe,,,,,,,,,,
C,C,C,Si,H,,,,,,,,,,
O,Cl,,,,,,,,,,,,,
C,C,S,S,,,,,,,,,,,
Pd,P,P,Cl,Cl,,,,,,,,,,
Pt,S,P,P,S,,,,,,,,,,
C,C,C,Te,,,,,,,,,,,
P,O,O,O,N,N,,,,,,,,,
H,Rh,,,,,,,,,,,,,
C,I,C,C,,,,,,,,,,,
Pd,Cl,C,P,,,,,,,,,,,
Pd,Si,P,P,Si,,,,,,,,,,
N,O,C,C,C,,,,,,,,,,
Sb,C,S,C,C,,,,,,,,,,
C,S,O,S,O,,,,,,,,,,
C,N,S,H,H,,,,,,,,,,
C,Sn,N,H,H,,,,,,,,,,
N,S,S,C,,,,,,,,,,,
C,Ni,H,H,H,,,,,,,,,,
C,Br,S,C,C,,,,,,,,,,
S,C,F,F,F,F,F,,,,,,,,
H,Ge,,,,,,,,,,,,,
C,N,C,O,,,,,,,,,,,
C,F,F,N,N,,,,,,,,,,
C,C,C,C,Mo,,,,,,,,,,
C,N,H,H,H,,,,,,,,,,
C,Se,C,O,,,,,,,,,,,
C,C,N,Cl,,,,,,,,,,,
S,O,O,N,O,,,,,,,,,,
C,C,Zr,C,H,,,,,,,,,,
Sn,Si,C,C,C,,,,,,,,,,
Pt,S,S,S,S,,,,,,,,,,
C,C,C,N,C,,,,,,,,,,
Se,C,C,Ag,,,,,,,,,,,
C,Cl,O,C,O,,,,,,,,,,
P,C,P,P,,,,,,,,,,,
C,P,O,P,,,,,,,,,,,
C,Zr,C,C,C,,,,,,,,,,
C,O,C,N,H,,,,,,,,,,
F,H,,,,,,,,,,,,,
N,C,O,Mo,,,,,,,,,,,
N,C,C,Pd,,,,,,,,,,,
Pd,Cl,Cl,C,C,,,,,,,,,,
C,C,Br,Br,C,,,,,,,,,,
C,C,C,C,Se,,,,,,,,,,
C,O,O,O,H,,,,,,,,,,
C,C,F,P,H,,,,,,,,,,
C,C,C,Cl,Cl,,,,,,,,,,
C,N,N,N,C,,,,,,,,,,
S,Ir,C,,,,,,,,,,,,
O,Si,H,,,,,,,,,,,,
B,C,N,C,,,,,,,,,,,
Te,C,C,O,O,,,,,,,,,,
N,As,N,,,,,,,,,,,,
N,P,N,C,,,,,,,,,,,
C,Cl,N,C,C,,,,,,,,,,
C,O,N,N,,,,,,,,,,,
C,O,F,F,F,,,,,,,,,,
I,P,I,,,,,,,,,,,,
P,Pt,C,C,O,,,,,,,,,,
C,C,C,Hf,C,,,,,,,,,,
N,O,C,C,,,,,,,,,,,
C,N,Se,C,,,,,,,,,,,
C,C,C,Cr,H,,,,,,,,,,
C,C,C,C,Os,,,,,,,,,,
C,C,C,Ti,H,,,,,,,,,,
C,C,C,C,Co,,,,,,,,,,
Sb,I,I,C,,,,,,,,,,,
C,B,C,H,,,,,,,,,,,
Cl,S,,,,,,,,,,,,,
P,N,N,P,,,,,,,,,,,
Se,Cu,Cu,C,,,,,,,,,,,
C,Se,Se,C,,,,,,,,,,,
Pd,P,I,I,P,,,,,,,,,,
P,C,O,C,O,,,,,,,,,,
Cl,Ru,,,,,,,,,,,,,
C,Ag,N,N,,,,,,,,,,,
P,C,O,O,C,,,,,,,,,,
C,C,C,C,O,,,,,,,,,,
C,W,C,C,,,,,,,,,,,
C,Ru,C,C,,,,,,,,,,,
C,Te,C,,,,,,,,,,,,
N,C,C,N,,,,,,,,,,,
Ir,S,C,S,C,C,C,C,C,,,,,,
C,Pd,H,H,H,,,,,,,,,,
Ni,P,O,C,P,,,,,,,,,,
N,S,C,H,,,,,,,,,,,
N,C,C,,,,,,,,,,,,
N,C,O,O,,,,,,,,,,,
O,Bi,C,,,,,,,,,,,,
P,C,H,H,,,,,,,,,,,
S,Se,H,,,,,,,,,,,,
C,Fe,C,B,C,,,,,,,,,,
I,I,S,,,,,,,,,,,,
C,N,C,S,,,,,,,,,,,
P,C,S,S,S,,,,,,,,,,
C,N,N,O,C,,,,,,,,,,
C,S,C,C,,,,,,,,,,,
P,O,O,C,O,,,,,,,,,,
P,C,S,C,C,,,,,,,,,,
Bi,O,C,C,,,,,,,,,,,
O,As,C,,,,,,,,,,,,
P,C,Os,C,,,,,,,,,,,
C,Cl,C,Cl,Cl,,,,,,,,,,
C,C,C,N,Fe,,,,,,,,,,
C,C,O,S,H,,,,,,,,,,
S,P,P,,,,,,,,,,,,
S,Pt,S,,,,,,,,,,,,
C,Sb,H,H,H,,,,,,,,,,
C,O,C,C,O,,,,,,,,,,
Si,C,C,O,C,,,,,,,,,,
N,C,Si,C,,,,,,,,,,,
P,C,C,Pd,Pd,,,,,,,,,,
P,C,C,C,Ru,,,,,,,,,,
Ta,Cl,Cl,C,C,C,,,,,,,,,
Sn,Cl,Cl,C,Cl,,,,,,,,,,
B,N,C,C,,,,,,,,,,,
C,C,C,C,Zn,,,,,,,,,,
Cl,P,,,,,,,,,,,,,
C,S,S,C,H,,,,,,,,,,
C,O,C,O,C,,,,,,,,,,
C,C,C,Sn,C,,,,,,,,,,
C,C,C,I,H,,,,,,,,,,
N,C,Si,,,,,,,,,,,,
Ag,Ag,C,P,,,,,,,,,,,
Ni,S,S,S,S,,,,,,,,,,
C,Si,C,Fe,C,,,,,,,,,,
C,S,C,Si,,,,,,,,,,,
C,N,C,C,H,,,,,,,,,,
C,N,F,C,,,,,,,,,,,
Si,C,C,C,Si,,,,,,,,,,
S,C,C,O,,,,,,,,,,,
C,N,N,Pt,,,,,,,,,,,
Bi,C,C,C,,,,,,,,,,,
P,P,C,C,,,,,,,,,,,
C,Tl,H,H,H,,,,,,,,,,
Te,C,Te,,,,,,,,,,,,
Pt,Cl,Cl,Cl,N,C,N,,,,,,,,
C,S,Fe,C,C,,,,,,,,,,
Ba,,,,,,,,,,,,,,
C,C,C,C,S,,,,,,,,,,
C,O,O,H,H,,,,,,,,,,
Br,Pd,,,,,,,,,,,,,
C,Fe,F,C,C,,,,,,,,,,
Co,S,S,S,S,S,,,,,,,,,
C,C,O,N,,,,,,,,,,,
C,C,C,C,Ru,,,,,,,,,,
Se,C,Sn,,,,,,,,,,,,
C,P,C,,,,,,,,,,,,
I,B,,,,,,,,,,,,,
C,Hg,C,,,,,,,,,,,,
C,N,C,C,O,,,,,,,,,,
C,Cl,N,N,,,,,,,,,,,
C,C,C,Co,H,,,,,,,,,,
C,Br,O,C,,,,,,,,,,,
Sb,S,S,C,,,,,,,,,,,
Mo,I,C,I,I,I,C,C,C,C,Mo,,,,
Cd,C,C,,,,,,,,,,,,
C,C,P,S,,,,,,,,,,,
C,C,F,F,S,,,,,,,,,,
S,Sb,,,,,,,,,,,,,
S,O,C,,,,,,,,,,,,
I,,,,,,,,,,,,,,
Cl,B,,,,,,,,,,,,,
N,O,N,C,,,,,,,,,,,
C,N,C,N,,,,,,,,,,,
C,Mo,C,C,C,,,,,,,,,,
Ru,C,C,P,Cl,C,C,C,C,C,,,,,
O,Ni,H,,,,,,,,,,,,
C,Cl,C,C,,,,,,,,,,,
S,C,Pt,,,,,,,,,,,,
C,N,O,O,,,,,,,,,,,
C,N,Ru,N,,,,,,,,,,,
C,C,C,N,O,,,,,,,,,,
Sn,C,C,C,C,,,,,,,,,,
C,Br,C,C,C,,,,,,,,,,
N,Mo,O,,,,,,,,,,,,
C,P,N,H,H,,,,,,,,,,
O,B,C,,,,,,,,,,,,
C,C,S,N,C,,,,,,,,,,
N,C,N,N,,,,,,,,,,,
C,C,Se,Se,,,,,,,,,,,
Ti,C,C,Cl,Cl,Cl,C,C,C,,,,,,
S,C,Mo,Mo,,,,,,,,,,,
C,Br,C,H,H,,,,,,,,,,
N,N,C,,,,,,,,,,,,
C,C,Sb,C,,,,,,,,,,,
Ir,P,P,P,Cl,,,,,,,,,,
Br,,,,,,,,,,,,,,
C,F,C,C,H,,,,,,,,,,
P,C,C,Au,C,,,,,,,,,,
C,Fe,Si,C,C,,,,,,,,,,
C,O,O,H,,,,,,,,,,,
C,C,C,C,P,,,,,,,,,,
Br,Te,,,,,,,,,,,,,
C,C,Se,H,,,,,,,,,,,
C,S,N,C,,,,,,,,,,,
P,O,O,N,O,,,,,,,,,,
C,Fe,P,C,C,,,,,,,,,,
C,Ta,C,C,,,,,,,,,,,
C,C,C,Zr,H,,,,,,,,,,
C,Te,C,C,,,,,,,,,,,
C,N,Cl,N,,,,,,,,,,,
C,Cl,Cl,H,H,,,,,,,,,,
Au,C,P,,,,,,,,,,,,
P,Pd,C,C,Pd,,,,,,,,,,
Cu,N,C,N,,,,,,,,,,,
N,O,O,N,,,,,,,,,,,
S,N,O,O,C,,,,,,,,,,
C,Si,S,C,,,,,,,,,,,
Cl,Hg,,,,,,,,,,,,,
H,F,,,,,,,,,,,,,
C,S,N,H,H,,,,,,,,,,
N,P,H,H,,,,,,,,,,,
C,C,Te,,,,,,,,,,,,
Mo,O,C,C,O,N,C,C,C,C,,,,,
C,Sb,C,C,H,,,,,,,,,,
C,C,N,C,H,,,,,,,,,,
P,C,O,O,O,,,,,,,,,,
O,Mo,O,,,,,,,,,,,,
C,Br,Br,C,C,,,,,,,,,,
C,P,O,H,H,,,,,,,,,,
C,Fe,C,I,C,,,,,,,,,,
C,I,C,S,,,,,,,,,,,
C,N,C,C,S,,,,,,,,,,
S,N,C,C,O,,,,,,,,,,
As,C,H,H,,,,,,,,,,,
C,O,C,C,P,,,,,,,,,,
C,C,Co,C,H,,,,,,,,,,
Ru,Br,P,C,P,C,C,C,C,,,,,,
N,C,O,,,,,,,,,,,,
N,C,O,N,,,,,,,,,,,
C,C,F,F,N,,,,,,,,,,
C,S,Si,H,H,,,,,,,,,,
Pd,C,Br,Br,C,,,,,,,,,,
P,C,C,C,,,,,,,,,,,
C,N,C,N,H,,,,,,,,,,
C,C,C,O,C,,,,,,,,,,
C,C,S,O,H,,,,,,,,,,
S,F,F,F,F,F,C,,,,,,,,
C,N,N,Au,,,,,,,,,,,
N,B,C,B,,,,,,,,,,,
C,C,Fe,F,C,,,,,,,,,,
C,Br,Br,Br,H,,,,,,,,,,
C,S,C,O,,,,,,,,,,,
Br,Ni,,,,,,,,,,,,,
Si,C,C,C,O,,,,,,,,,,
Au,Cl,P,,,,,,,,,,,,
C,N,O,S,,,,,,,,,,,
Pb,Se,C,C,C,,,,,,,,,,
C,C,C,N,S,,,,,,,,,,
Mo,O,O,C,C,O,C,C,C,C,,,,,
C,O,C,C,N,,,,,,,,,,
Hf,C,C,C,C,C,C,C,C,C,C,C,C,C,C
Se,P,P,,,,,,,,,,,,
I,Mo,Mo,,,,,,,,,,,,
C,C,C,Zn,C,,,,,,,,,,
C,C,F,N,,,,,,,,,,,
N,Ni,C,C,,,,,,,,,,,
C,O,C,O,O,,,,,,,,,,
C,Te,H,H,H,,,,,,,,,,
Se,Se,C,Br,,,,,,,,,,,
C,C,H,H,,,,,,,,,,,
N,W,O,,,,,,,,,,,,
C,B,C,C,H,,,,,,,,,,
H,,,,,,,,,,,,,,
C,N,Pd,,,,,,,,,,,,
O,N,N,,,,,,,,,,,,
P,Au,C,C,C,,,,,,,,,,
S,C,Au,,,,,,,,,,,,
N,C,Sb,C,,,,,,,,,,,
N,Cu,C,C,,,,,,,,,,,
C,O,P,C,,,,,,,,,,,
C,Cl,S,C,C,,,,,,,,,,
C,C,C,I,,,,,,,,,,,
C,C,Fe,C,C,,,,,,,,,,
N,Se,C,,,,,,,,,,,,
I,Br,Br,,,,,,,,,,,,
P,Rh,C,C,C,,,,,,,,,,
C,Si,C,H,,,,,,,,,,,
C,C,Sn,H,H,,,,,,,,,,
C,I,Fe,C,C,,,,,,,,,,
C,N,C,O,H,,,,,,,,,,
C,C,C,P,H,,,,,,,,,,
Hg,C,C,,,,,,,,,,,,
C,C,Br,C,H,,,,,,,,,,
N,Pt,C,C,,,,,,,,,,,
C,O,O,C,C,,,,,,,,,,
C,C,C,N,P,,,,,,,,,,
S,C,O,C,,,,,,,,,,,
Ta,N,C,C,C,N,,,,,,,,,
C,Br,C,C,,,,,,,,,,,
C,F,F,C,H,,,,,,,,,,
C,Fe,C,C,H,,,,,,,,,,
N,C,S,,,,,,,,,,,,
Si,C,Br,H,H,,,,,,,,,,
N,B,H,H,,,,,,,,,,,
S,C,C,,,,,,,,,,,,
S,O,O,,,,,,,,,,,,
Os,P,C,C,C,C,C,C,C,C,P,,,,
N,Pd,C,C,,,,,,,,,,,
C,C,S,C,,,,,,,,,,,
C,C,C,F,H,,,,,,,,,,
C,S,C,S,,,,,,,,,,,
C,N,N,,,,,,,,,,,,
C,Se,C,W,,,,,,,,,,,
Si,C,C,C,S,,,,,,,,,,
P,N,O,C,C,,,,,,,,,,
Si,C,Pd,C,Pd,,,,,,,,,,
C,C,N,N,H,,,,,,,,,,
C,I,C,B,,,,,,,,,,,
C,Br,Br,N,C,,,,,,,,,,
C,C,Si,H,,,,,,,,,,,
N,N,C,C,,,,,,,,,,,
C,Zn,C,C,,,,,,,,,,,
C,F,C,F,F,,,,,,,,,,
Cl,Zr,,,,,,,,,,,,,
N,N,O,,,,,,,,,,,,
B,B,N,N,,,,,,,,,,,
C,O,C,H,,,,,,,,,,,
N,N,H,H,,,,,,,,,,,
Ag,Cl,C,,,,,,,,,,,,
B,N,N,H,,,,,,,,,,,
B,C,N,N,,,,,,,,,,,
C,C,C,Fe,C,,,,,,,,,,
C,S,N,O,,,,,,,,,,,
C,Br,C,Br,,,,,,,,,,,
Sn,C,Cl,Cl,Cl,,,,,,,,,,
C,Cl,Cl,C,C,,,,,,,,,,
N,Si,C,C,,,,,,,,,,,
N,O,C,N,,,,,,,,,,,
N,C,P,,,,,,,,,,,,
Mo,S,C,S,Cl,C,C,C,C,Mo,,,,,
Br,Sb,,,,,,,,,,,,,
C,C,Si,C,C,,,,,,,,,,
S,N,O,O,O,,,,,,,,,,
C,C,F,C,H,,,,,,,,,,
C,S,N,C,C,,,,,,,,,,
Ge,Ge,C,C,C,,,,,,,,,,
N,P,C,C,,,,,,,,,,,
C,Fe,C,Si,C,,,,,,,,,,
C,S,C,P,,,,,,,,,,,
C,C,P,C,C,,,,,,,,,,
C,C,C,C,W,,,,,,,,,,
I,C,,,,,,,,,,,,,
C,C,C,Se,,,,,,,,,,,
C,P,O,C,C,,,,,,,,,,
C,Se,C,C,H,,,,,,,,,,
Si,N,N,C,H,,,,,,,,,,
C,C,C,Ge,C,,,,,,,,,,
Ir,N,C,C,C,C,C,C,,,,,,,
C,S,S,H,H,,,,,,,,,,
As,C,C,C,,,,,,,,,,,
N,N,H,H,H,,,,,,,,,,
C,C,N,I,,,,,,,,,,,
C,C,C,Ni,H,,,,,,,,,,
N,C,N,,,,,,,,,,,,
N,C,O,W,,,,,,,,,,,
C,F,O,C,,,,,,,,,,,
S,O,S,,,,,,,,,,,,
C,C,C,H,,,,,,,,,,,
C,S,Si,Ir,H,,,,,,,,,,
C,C,C,O,O,,,,,,,,,,
O,Pb,C,,,,,,,,,,,,
C,S,C,N,,,,,,,,,,,
C,Fe,S,C,C,,,,,,,,,,
C,Pt,N,N,,,,,,,,,,,
C,Cl,C,S,,,,,,,,,,,
C,S,C,S,H,,,,,,,,,,
C,N,C,H,H,,,,,,,,,,
N,C,S,C,,,,,,,,,,,
C,S,O,O,,,,,,,,,,,
C,Cl,Cl,Cl,H,,,,,,,,,,
C,P,C,C,C,,,,,,,,,,
C,Fe,C,P,C,,,,,,,,,,
C,C,C,Br,Br,,,,,,,,,,
C,N,N,H,,,,,,,,,,,
N,C,P,C,,,,,,,,,,,
C,Pt,H,H,H,,,,,,,,,,
C,Br,N,C,,,,,,,,,,,
B,I,C,C,,,,,,,,,,,
C,N,O,C,H,,,,,,,,,,
C,W,C,C,C,,,,,,,,,,
I,Si,,,,,,,,,,,,,
C,C,C,Mo,H,,,,,,,,,,
O,O,H,,,,,,,,,,,,
C,C,N,Se,H,,,,,,,,,,
P,P,C,P,,,,,,,,,,,
Co,S,P,P,P,C,H,,,,,,,,
C,Au,O,C,,,,,,,,,,,
S,N,C,,,,,,,,,,,,
C,P,F,F,C,,,,,,,,,,
B,Cl,C,C,,,,,,,,,,,
Sb,C,N,Br,Br,N,,,,,,,,,
P,Ir,C,C,C,,,,,,,,,,
C,S,N,S,,,,,,,,,,,
C,S,Si,C,,,,,,,,,,,
P,C,C,C,C,,,,,,,,,,
C,C,C,C,Zr,,,,,,,,,,
Se,O,C,C,,,,,,,,,,,
C,C,Br,N,,,,,,,,,,,
C,P,P,C,H,,,,,,,,,,
C,C,Si,C,Fe,,,,,,,,,,
C,C,O,N,H,,,,,,,,,,
Au,C,Cl,Cl,Cl,,,,,,,,,,
O,Mo,,,,,,,,,,,,,
C,C,P,C,Fe,,,,,,,,,,
C,C,Au,,,,,,,,,,,,
Cl,Ta,,,,,,,,,,,,,
N,P,N,,,,,,,,,,,,
N,Ta,C,C,,,,,,,,,,,
C,O,C,N,C,,,,,,,,,,
Ru,C,C,C,C,C,C,C,C,C,C,,,,
C,O,N,H,,,,,,,,,,,
C,Pd,O,C,,,,,,,,,,,
F,C,,,,,,,,,,,,,
S,C,Co,,,,,,,,,,,,
Se,N,N,,,,,,,,,,,,
O,C,I,,,,,,,,,,,,
Sn,Cl,Cl,C,C,,,,,,,,,,
C,O,O,O,C,,,,,,,,,,
O,Se,,,,,,,,,,,,,
C,C,Cl,N,,,,,,,,,,,
C,Hg,N,,,,,,,,,,,,
C,C,O,N,O,,,,,,,,,,
Se,W,Se,,,,,,,,,,,,
Cl,Ti,,,,,,,,,,,,,
C,Si,Si,H,H,,,,,,,,,,
O,Si,C,,,,,,,,,,,,
Se,Pb,P,,,,,,,,,,,,
S,Mo,C,Mo,,,,,,,,,,,
P,S,S,C,S,,,,,,,,,,
S,O,O,O,N,,,,,,,,,,
Au,C,Br,Br,Br,,,,,,,,,,
C,Bi,C,C,,,,,,,,,,,
Pd,P,Cl,Cl,P,,,,,,,,,,
K,,,,,,,,,,,,,,
C,Hg,H,H,H,,,,,,,,,,
C,C,O,Ti,,,,,,,,,,,
N,C,C,H,,,,,,,,,,,
C,Cl,C,N,,,,,,,,,,,
Si,O,O,O,N,,,,,,,,,,
C,C,B,C,,,,,,,,,,,
C,S,O,S,,,,,,,,,,,
C,P,C,C,Fe,,,,,,,,,,
P,P,P,P,,,,,,,,,,,
Br,I,,,,,,,,,,,,,
C,C,C,Ti,C,,,,,,,,,,
C,B,C,C,,,,,,,,,,,
N,N,N,N,,,,,,,,,,,
Cs,,,,,,,,,,,,,,
C,I,Cl,H,H,,,,,,,,,,
C,C,N,Se,,,,,,,,,,,
N,C,Ru,H,,,,,,,,,,,
Rh,C,P,Si,C,C,C,C,H,,,,,,
C,C,C,Br,H,,,,,,,,,,
C,C,C,Si,Fe,,,,,,,,,,
O,S,N,,,,,,,,,,,,
C,Sb,C,H,H,,,,,,,,,,
S,O,C,C,,,,,,,,,,,
C,P,Cl,H,H,,,,,,,,,,
C,C,N,H,H,,,,,,,,,,
C,Si,N,C,H,,,,,,,,,,
F,Si,,,,,,,,,,,,,
C,C,C,C,F,,,,,,,,,,
C,C,N,H,,,,,,,,,,,
O,Ag,C,,,,,,,,,,,,
Mo,N,C,C,C,C,C,C,C,,,,,,
C,Bi,C,C,H,,,,,,,,,,
P,C,C,C,Fe,,,,,,,,,,
C,C,I,,,,,,,,,,,,
O,Si,Si,,,,,,,,,,,,
P,C,C,,,,,,,,,,,,
C,C,C,W,C,,,,,,,,,,
C,Ge,C,C,C,,,,,,,,,,
C,S,C,C,H,,,,,,,,,,
S,Sb,C,,,,,,,,,,,,
C,C,F,F,F,,,,,,,,,,
S,Pt,O,C,C,,,,,,,,,,
C,Te,C,N,,,,,,,,,,,
O,B,B,,,,,,,,,,,,
C,C,C,Cl,H,,,,,,,,,,
S,N,O,O,N,,,,,,,,,,
As,O,O,C,,,,,,,,,,,
C,C,O,O,N,,,,,,,,,,
C,C,C,O,P,,,,,,,,,,
Te,C,C,I,I,,,,,,,,,,
N,Ti,C,C,,,,,,,,,,,
N,B,B,C,,,,,,,,,,,
B,C,O,C,,,,,,,,,,,
P,N,N,N,N,N,N,,,,,,,,
C,C,H,H,H,,,,,,,,,,
As,N,N,N,N,N,N,,,,,,,,
N,C,B,H,,,,,,,,,,,
C,C,Cl,C,H,,,,,,,,,,
Sn,Se,C,C,C,,,,,,,,,,
B,C,C,C,C,,,,,,,,,,
C,S,S,C,C,,,,,,,,,,
C,Br,C,S,,,,,,,,,,,
C,C,Pt,C,,,,,,,,,,,
Si,Pt,C,O,O,,,,,,,,,,
C,F,O,C,H,,,,,,,,,,
C,F,C,C,,,,,,,,,,,
C,C,C,I,C,,,,,,,,,,
Pt,P,C,P,C,,,,,,,,,,
S,C,S,,,,,,,,,,,,
C,Br,Fe,C,C,,,,,,,,,,
C,C,C,O,N,,,,,,,,,,
C,C,C,Bi,,,,,,,,,,,
C,C,Pd,C,,,,,,,,,,,
C,C,C,C,Ti,,,,,,,,,,
C,Bi,H,H,H,,,,,,,,,,
C,Fe,Br,C,C,,,,,,,,,,
C,C,O,H,,,,,,,,,,,
I,O,O,O,C,,,,,,,,,,
Tl,C,C,C,,,,,,,,,,,
C,Ni,N,,,,,,,,,,,,
Ge,I,I,C,C,,,,,,,,,,
C,N,C,C,C,,,,,,,,,,
C,O,Cl,O,C,,,,,,,,,,
C,C,N,Si,H,,,,,,,,,,
C,P,N,C,,,,,,,,,,,
Pd,C,Cl,Cl,Se,,,,,,,,,,
C,P,C,C,O,,,,,,,,,,
Zn,C,C,,,,,,,,,,,,
C,Si,C,C,H,,,,,,,,,,
C,As,H,H,H,,,,,,,,,,
C,C,Br,H,H,,,,,,,,,,
C,Mo,C,H,H,,,,,,,,,,
O,C,H,,,,,,,,,,,,
C,Se,Fe,C,C,,,,,,,,,,
O,S,,,,,,,,,,,,,
Si,Pd,C,C,Pd,,,,,,,,,,
Sb,N,N,N,,,,,,,,,,,
B,C,O,Br,,,,,,,,,,,
Zr,Cl,Cl,C,C,C,C,C,C,C,C,C,C,,
P,Se,Se,C,,,,,,,,,,,
C,Sn,C,H,H,,,,,,,,,,
C,C,Cl,Cl,H,,,,,,,,,,
C,N,O,C,,,,,,,,,,,
Ga,C,C,C,,,,,,,,,,,
C,Cl,Si,H,H,,,,,,,,,,
P,Se,O,O,O,,,,,,,,,,
C,Se,O,C,,,,,,,,,,,
C,C,Br,C,Pt,,,,,,,,,,
C,Ge,C,C,Fe,,,,,,,,,,
N,C,N,H,,,,,,,,,,,
Se,C,O,C,O,,,,,,,,,,
C,Cl,P,H,H,,,,,,,,,,
S,S,O,O,C,,,,,,,,,,
C,Br,C,P,,,,,,,,,,,
Co,C,C,C,C,C,C,C,C,C,,,,,
C,C,C,B,,,,,,,,,,,
S,C,P,,,,,,,,,,,,
Si,C,C,Si,C,,,,,,,,,,
S,O,N,C,C,,,,,,,,,,
Cu,Se,N,Se,Cu,N,,,,,,,,,
S,S,S,O,,,,,,,,,,,
S,O,N,C,,,,,,,,,,,
B,N,N,H,H,,,,,,,,,,
P,S,S,S,N,,,,,,,,,,
C,C,Se,,,,,,,,,,,,
Si,C,Cl,C,H,,,,,,,,,,
Se,Ag,C,C,,,,,,,,,,,
C,As,N,,,,,,,,,,,,
W,Se,Se,C,C,Se,Se,C,C,C,C,,,,
Te,C,C,Br,Br,,,,,,,,,,
C,Ni,C,C,,,,,,,,,,,
C,C,H,,,,,,,,,,,,
C,C,I,N,,,,,,,,,,,
O,Si,O,,,,,,,,,,,,
C,O,H,H,,,,,,,,,,,
S,C,N,,,,,,,,,,,,
C,O,O,C,,,,,,,,,,,
O,P,,,,,,,,,,,,,
C,C,Se,C,,,,,,,,,,,
C,N,S,H,,,,,,,,,,,
C,C,S,N,,,,,,,,,,,
C,C,O,Cl,,,,,,,,,,,
C,N,P,H,,,,,,,,,,,
C,C,C,Zr,C,,,,,,,,,,
C,Br,S,C,,,,,,,,,,,
P,S,C,C,C,,,,,,,,,,
C,C,B,O,,,,,,,,,,,
S,Au,C,,,,,,,,,,,,
S,S,C,,,,,,,,,,,,
Mo,C,C,I,C,C,C,I,I,I,Mo,,,,
C,B,C,O,,,,,,,,,,,
I,Pd,,,,,,,,,,,,,
C,Zr,H,H,H,,,,,,,,,,
C,N,C,Cl,,,,,,,,,,,
S,C,B,,,,,,,,,,,,
C,Sb,C,C,C,,,,,,,,,,
C,C,N,C,C,,,,,,,,,,
Cl,Pd,,,,,,,,,,,,,
P,O,O,O,N,,,,,,,,,,
N,P,C,P,,,,,,,,,,,
Si,C,C,C,C,,,,,,,,,,
C,O,N,C,H,,,,,,,,,,
C,C,Cl,Cl,Cl,,,,,,,,,,
S,N,S,,,,,,,,,,,,
C,Se,C,H,H,,,,,,,,,,
I,C,C,O,,,,,,,,,,,
P,C,N,N,,,,,,,,,,,
S,O,O,C,,,,,,,,,,,
C,Hg,N,N,,,,,,,,,,,
P,Pd,C,C,H,,,,,,,,,,
C,Te,C,H,H,,,,,,,,,,
C,Mo,H,H,H,,,,,,,,,,
C,N,C,N,C,,,,,,,,,,
Co,C,C,C,C,C,C,C,C,C,C,,,,
P,O,C,,,,,,,,,,,,
B,O,O,C,,,,,,,,,,,
C,Br,Br,Br,C,,,,,,,,,,
Mg,,,,,,,,,,,,,,
C,Pb,C,C,,,,,,,,,,,
C,Cl,Cl,O,O,,,,,,,,,,
P,O,Cl,C,Cl,,,,,,,,,,
O,N,H,,,,,,,,,,,,
C,C,P,C,N,,,,,,,,,,
B,C,O,O,,,,,,,,,,,
P,Co,C,C,C,,,,,,,,,,
C,C,C,S,H,,,,,,,,,,
N,C,C,C,H,,,,,,,,,,
Si,O,C,O,O,,,,,,,,,,
N,Te,N,,,,,,,,,,,,
F,S,,,,,,,,,,,,,
N,C,C,Ni,,,,,,,,,,,
C,Ge,P,C,P,,,,,,,,,,
P,C,C,C,Pd,,,,,,,,,,
N,C,P,P,,,,,,,,,,,
I,Te,,,,,,,,,,,,,
C,Br,O,C,C,,,,,,,,,,
S,Si,Si,,,,,,,,,,,,
P,C,O,C,Cl,,,,,,,,,,
C,S,S,C,O,,,,,,,,,,
Cl,N,,,,,,,,,,,,,
C,Sn,C,C,H,,,,,,,,,,
B,C,C,I,,,,,,,,,,,
C,F,F,F,C,,,,,,,,,,
Te,S,S,,,,,,,,,,,,
C,N,Br,C,,,,,,,,,,,
C,C,P,O,C,,,,,,,,,,
C,Ta,H,H,H,,,,,,,,,,
Cl,Te,,,,,,,,,,,,,
N,Si,Si,C,,,,,,,,,,,
Zn,Zn,C,C,C,C,C,,,,,,,,
C,B,C,C,C,,,,,,,,,,
S,O,N,N,C,,,,,,,,,,
C,Ge,Fe,C,C,,,,,,,,,,
C,P,P,H,H,,,,,,,,,,
C,Si,C,C,,,,,,,,,,,
Pd,S,Cl,Cl,C,,,,,,,,,,
C,B,H,H,H,,,,,,,,,,
Sr,,,,,,,,,,,,,,
C,O,C,S,H,,,,,,,,,,
C,N,C,O,C,,,,,,,,,,
Ca,,,,,,,,,,,,,,
Pt,Si,P,Si,P,,,,,,,,,,
C,C,N,C,Fe,,,,,,,,,,
C,C,Br,C,C,,,,,,,,,,
P,S,N,O,C,,,,,,,,,,
Fe,C,C,C,C,C,C,C,C,C,C,,,,
C,N,S,S,,,,,,,,,,,
S,C,O,O,C,,,,,,,,,,
B,C,C,Br,,,,,,,,,,,
S,O,O,N,N,,,,,,,,,,
C,Br,F,F,C,,,,,,,,,,
Cl,Ir,,,,,,,,,,,,,
S,O,O,C,O,,,,,,,,,,
C,F,F,C,C,,,,,,,,,,
F,P,,,,,,,,,,,,,
C,Zn,C,C,C,,,,,,,,,,
C,Sn,H,H,H,,,,,,,,,,
N,S,N,H,,,,,,,,,,,
C,Fe,C,H,H,,,,,,,,,,
Br,Bi,,,,,,,,,,,,,
C,S,O,H,H,,,,,,,,,,
C,C,N,N,C,,,,,,,,,,
S,Pd,C,C,,,,,,,,,,,
I,Ge,,,,,,,,,,,,,
Te,P,,,,,,,,,,,,,
Fe,P,C,C,P,C,C,C,C,,,,,,
C,C,O,C,H,,,,,,,,,,
N,C,C,Pt,,,,,,,,,,,
C,C,Si,C,,,,,,,,,,,
N,O,C,H,,,,,,,,,,,
Au,Br,C,,,,,,,,,,,,
C,Pd,N,,,,,,,,,,,,
C,N,C,S,H,,,,,,,,,,
C,C,N,Cl,Cl,,,,,,,,,,
O,Se,H,,,,,,,,,,,,
C,C,C,F,F,,,,,,,,,,
Si,C,C,Cl,Cl,,,,,,,,,,
N,B,C,N,,,,,,,,,,,
C,O,C,C,,,,,,,,,,,
C,C,Cr,C,H,,,,,,,,,,
Ti,Cl,Cl,N,C,C,C,C,C,,,,,,
C,O,O,O,,,,,,,,,,,
C,C,Se,O,,,,,,,,,,,
C,C,C,C,N,,,,,,,,,,
C,S,C,H,H,,,,,,,,,,
C,C,Se,C,H,,,,,,,,,,
C,C,C,As,,,,,,,,,,,
Se,C,C,,,,,,,,,,,,
Si,C,Br,Br,Si,,,,,,,,,,
Pd,S,C,C,S,S,,,,,,,,,
F,B,,,,,,,,,,,,,
C,C,As,H,,,,,,,,,,,
Au,C,N,,,,,,,,,,,,
C,Se,Se,H,H,,,,,,,,,,
Ag,C,Ag,P,,,,,,,,,,,
P,S,S,C,C,,,,,,,,,,
C,S,O,C,H,,,,,,,,,,
Bi,Br,Br,C,C,C,C,C,,,,,,,
C,I,C,C,H,,,,,,,,,,
C,C,Br,C,Fe,,,,,,,,,,
B,B,S,S,,,,,,,,,,,
C,C,Ti,C,H,,,,,,,,,,
O,Si,B,,,,,,,,,,,,
Se,C,Br,Br,C,,,,,,,,,,
N,O,C,,,,,,,,,,,,
C,C,I,H,H,,,,,,,,,,
S,C,C,Pd,,,,,,,,,,,
S,O,C,N,,,,,,,,,,,
Si,Si,C,C,C,,,,,,,,,,
C,C,Hg,C,,,,,,,,,,,
C,C,N,C,O,,,,,,,,,,
C,Ge,C,C,,,,,,,,,,,
O,W,,,,,,,,,,,,,
C,C,F,H,H,,,,,,,,,,
C,Cd,H,H,H,,,,,,,,,,
C,Se,C,C,C,,,,,,,,,,
C,C,Cl,H,H,,,,,,,,,,
Si,N,N,C,C,,,,,,,,,,
C,S,O,C,,,,,,,,,,,
C,Au,C,,,,,,,,,,,,
S,O,O,O,,,,,,,,,,,
C,C,P,Fe,C,,,,,,,,,,
C,P,C,H,H,,,,,,,,,,
Sb,C,Br,N,Br,N,,,,,,,,,
C,Br,C,C,Fe,,,,,,,,,,
C,C,C,C,Ir,,,,,,,,,,
C,C,C,C,,,,,,,,,,,
C,P,C,Os,C,,,,,,,,,,
C,C,C,F,Fe,,,,,,,,,,
C,W,C,H,H,,,,,,,,,,
C,Se,H,H,H,,,,,,,,,,
N,O,H,H,H,,,,,,,,,,
B,O,O,O,,,,,,,,,,,
C,Cl,Cl,Cl,C,,,,,,,,,,
C,Se,N,N,,,,,,,,,,,
C,N,N,C,,,,,,,,,,,
Sn,Ge,C,C,C,,,,,,,,,,
C,C,Br,H,,,,,,,,,,,
N,N,Si,C,,,,,,,,,,,
Si,Si,C,C,Si,,,,,,,,,,
Ge,Sn,Sn,Sn,Sn,,,,,,,,,,
C,N,O,C,C,,,,,,,,,,
Pd,Cl,P,Cl,S,,,,,,,,,,
O,O,C,,,,,,,,,,,,
C,C,C,Mo,C,,,,,,,,,,
C,Se,C,,,,,,,,,,,,
P,N,C,C,Ag,,,,,,,,,,
P,Se,C,C,C,,,,,,,,,,
N,S,H,,,,,,,,,,,,
C,P,C,H,,,,,,,,,,,
C,Cl,C,C,H,,,,,,,,,,
C,F,F,F,O,,,,,,,,,,
Pt,Br,Br,C,C,,,,,,,,,,
C,O,O,S,,,,,,,,,,,
C,Ag,N,,,,,,,,,,,,
I,Sb,,,,,,,,,,,,,
N,Ru,C,C,,,,,,,,,,,
C,C,C,Si,,,,,,,,,,,
C,S,S,S,C,,,,,,,,,,
S,N,N,N,,,,,,,,,,,
C,I,C,N,,,,,,,,,,,
C,Cl,F,H,H,,,,,,,,,,
C,C,Cl,H,,,,,,,,,,,
C,N,C,C,N,,,,,,,,,,
O,As,,,,,,,,,,,,,
C,Si,C,O,,,,,,,,,,,
C,C,O,N,C,,,,,,,,,,
Cl,Sb,,,,,,,,,,,,,
N,C,Cl,,,,,,,,,,,,
C,P,N,N,,,,,,,,,,,
C,C,C,Br,,,,,,,,,,,
N,C,C,Au,,,,,,,,,,,
S,S,S,,,,,,,,,,,,
S,N,C,O,,,,,,,,,,,
P,C,C,N,Ag,,,,,,,,,,
C,Fe,C,Br,C,,,,,,,,,,
C,C,Fe,Sn,C,,,,,,,,,,
C,P,C,O,,,,,,,,,,,
C,C,Ga,C,,,,,,,,,,,
C,C,N,C,S,,,,,,,,,,
Se,Br,C,Br,C,,,,,,,,,,
C,N,I,C,,,,,,,,,,,
Br,Pt,,,,,,,,,,,,,
Te,Cl,Cl,C,C,,,,,,,,,,
S,C,O,O,O,,,,,,,,,,
Pt,P,P,Si,Si,,,,,,,,,,
C,O,N,C,,,,,,,,,,,
Se,Cu,C,Cu,,,,,,,,,,,
C,O,S,C,H,,,,,,,,,,
S,Ti,C,,,,,,,,,,,,
C,N,O,N,,,,,,,,,,,
Mo,S,C,Cl,S,C,C,C,C,Mo,,,,,
S,C,C,Ir,,,,,,,,,,,
O,O,Si,,,,,,,,,,,,
Pd,C,C,C,C,,,,,,,,,,
C,C,C,N,N,,,,,,,,,,
N,N,N,H,,,,,,,,,,,
Cl,Sn,,,,,,,,,,,,,
O,S,H,,,,,,,,,,,,
Zn,,,,,,,,,,,,,,
Pd,Cl,Cl,S,S,,,,,,,,,,
O,P,H,,,,,,,,,,,,
O,C,,,,,,,,,,,,,
P,Ni,C,C,C,,,,,,,,,,
C,Ga,C,C,,,,,,,,,,,
Se,C,C,Pd,,,,,,,,,,,
C,B,N,C,H,,,,,,,,,,
Se,W,C,,,,,,,,,,,,
P,Ru,O,C,C,,,,,,,,,,
N,C,C,C,,,,,,,,,,,
Se,C,Se,,,,,,,,,,,,
C,C,I,I,,,,,,,,,,,
P,N,C,C,C,,,,,,,,,,
H,Os,,,,,,,,,,,,,
N,S,H,H,,,,,,,,,,,
C,C,C,Ru,C,,,,,,,,,,
Pt,I,I,C,C,,,,,,,,,,
Au,Cl,Cl,Cl,N,N,,,,,,,,,
C,O,C,Co,,,,,,,,,,,
C,C,C,Br,C,,,,,,,,,,
P,O,C,C,H,,,,,,,,,,
C,S,N,N,H,,,,,,,,,,
N,H,H,H,,,,,,,,,,,
Pt,P,S,C,P,,,,,,,,,,
Si,Sn,H,H,H,,,,,,,,,,
C,C,C,Rh,H,,,,,,,,,,
C,C,O,O,H,,,,,,,,,,
C,O,N,H,H,,,,,,,,,,
P,Se,Se,C,C,,,,,,,,,,
I,C,C,,,,,,,,,,,,
C,Cl,C,C,Cl,,,,,,,,,,
C,F,F,F,S,,,,,,,,,,
P,Se,Se,O,O,,,,,,,,,,
C,C,N,C,,,,,,,,,,,
C,O,C,O,,,,,,,,,,,
C,S,Br,C,,,,,,,,,,,
C,O,O,N,,,,,,,,,,,
C,Bi,C,C,C,,,,,,,,,,
P,C,C,N,C,,,,,,,,,,
Ge,Sn,H,H,H,,,,,,,,,,
P,F,F,F,F,F,C,,,,,,,,
C,Cu,C,C,,,,,,,,,,,
C,S,C,C,C,,,,,,,,,,
C,Bi,C,H,H,,,,,,,,,,
C,C,N,O,H,,,,,,,,,,
C,C,Cl,Cl,,,,,,,,,,,
Ni,C,C,I,C,C,C,C,,,,,,,
C,C,C,Cl,C,,,,,,,,,,
O,O,Mo,,,,,,,,,,,,
